Date,Price,Open,High,Low,Vol,Change %
12/31/2024,"93,557.20","92,777.20","96,163.40","92,036.20",74.85K,0.84%
12/30/2024,"92,779.80","93,718.70","94,936.40","91,522.30",112.43K,-1.00%
12/29/2024,"93,716.30","95,282.60","95,315.40","93,026.70",47.71K,-1.65%
12/28/2024,"95,284.50","94,274.90","95,684.30","94,124.70",32.97K,1.07%
12/27/2024,"94,275.90","95,776.40","97,243.30","93,472.80",85.12K,-1.57%
12/26/2024,"95,777.70","99,389.40","99,922.50","95,193.30",74.60K,-3.64%
12/25/2024,"99,391.30","98,661.90","99,514.10","97,651.90",39.80K,0.73%
12/24/2024,"98,668.10","94,852.80","99,446.60","93,566.20",69.86K,4.02%
12/23/2024,"94,852.10","95,184.80","96,517.80","92,543.20",133.24K,-0.35%
12/22/2024,"95,183.80","97,281.60","97,422.20","94,265.20",100.64K,-2.13%
12/21/2024,"97,253.30","97,799.10","99,531.90","96,478.60",123.36K,-0.55%
12/20/2024,"97,795.70","97,468.30","98,178.20","92,301.90",221.18K,0.34%
12/19/2024,"97,466.10","100,190.50","102,778.80","95,672.20",200.57K,-2.73%
12/18/2024,"100,197.80","106,140.70","106,477.60","100,049.30",187.49K,-5.60%
12/17/2024,"106,138.90","106,053.40","108,244.90","105,350.60",149.37K,0.08%
12/16/2024,"106,057.60","104,479.20","107,767.60","103,351.70",232.66K,1.55%
12/15/2024,"104,443.00","101,417.90","105,120.90","101,234.90",133.99K,2.98%
12/14/2024,"101,417.70","101,423.70","102,633.00","100,626.30",105.31K,-0.01%
12/13/2024,"101,426.20","100,008.30","101,891.20","99,214.20",162.40K,1.42%
12/12/2024,"100,009.90","101,126.30","102,495.30","99,334.50",188.96K,-1.10%
12/11/2024,"101,126.20","96,603.20","101,877.10","95,689.50",250.02K,4.69%
12/10/2024,"96,600.30","97,311.50","98,237.80","94,304.50",271.45K,-0.78%
12/9/2024,"97,359.40","101,129.70","101,198.60","94,395.80",321.01K,-3.72%
12/8/2024,"101,115.80","99,837.00","101,339.90","98,713.90",128.93K,1.28%
12/7/2024,"99,837.00","99,757.20","100,441.80","98,969.00",118.44K,0.08%
12/6/2024,"99,760.70","96,968.90","101,908.50","96,452.00",213.49K,2.88%
12/5/2024,"96,970.80","98,624.80","103,719.40","92,510.40",245.79K,-1.69%
12/4/2024,"98,635.80","95,900.10","99,030.70","94,625.30",113.77K,2.85%
12/3/2024,"95,898.70","95,843.90","96,245.00","93,646.10",95.08K,0.05%
12/2/2024,"95,846.60","97,199.30","98,082.00","94,510.60",95.80K,-1.39%
12/1/2024,"97,201.40","96,404.70","97,813.90","95,721.80",42.90K,0.83%
11/30/2024,"96,405.70","97,438.50","97,461.90","96,119.60",36.92K,-1.06%
11/29/2024,"97,438.00","95,645.60","98,599.80","95,405.70",76.54K,1.87%
11/28/2024,"95,645.50","95,881.40","96,549.00","94,648.80",68.17K,-0.25%
11/27/2024,"95,886.60","91,975.50","97,219.80","91,795.50",106.39K,4.25%
11/26/2024,"91,977.60","93,046.50","94,978.80","90,817.20",131.88K,-1.17%
11/25/2024,"93,064.40","97,948.80","98,872.40","92,875.30",124.98K,-4.97%
11/24/2024,"97,935.20","97,696.40","98,552.60","95,765.40",77.04K,0.24%
11/23/2024,"97,699.00","98,927.20","98,927.20","97,180.90",72.17K,-1.24%
11/22/2024,"98,929.70","98,381.20","99,617.40","97,182.20",132.23K,0.56%
11/21/2024,"98,374.50","94,308.70","98,937.20","94,063.80",179.07K,4.32%
11/20/2024,"94,303.90","92,252.60","94,836.10","91,517.40",121.46K,2.24%
11/19/2024,"92,239.20","90,482.10","93,918.50","90,378.70",146.04K,1.95%
11/18/2024,"90,478.70","89,843.30","92,567.10","89,410.40",150.47K,0.72%
11/17/2024,"89,833.70","90,569.40","91,441.60","88,736.10",81.24K,-0.78%
11/16/2024,"90,539.10","91,035.30","91,748.90","90,079.00",79.82K,-0.56%
11/15/2024,"91,046.50","87,297.20","91,833.10","87,118.80",158.19K,4.30%
11/14/2024,"87,294.00","90,424.80","91,726.70","86,740.20",153.34K,-3.46%
11/13/2024,"90,422.20","87,971.20","93,226.60","86,168.40",257.57K,2.82%
11/12/2024,"87,941.30","88,665.00","89,929.60","85,122.20",288.68K,-0.82%
11/11/2024,"88,664.10","80,389.00","89,519.00","80,231.80",254.04K,10.29%
11/10/2024,"80,388.50","76,681.40","81,373.50","76,520.50",193.83K,4.81%
11/9/2024,"76,700.30","76,506.10","76,904.00","75,732.50",72.97K,0.24%
11/8/2024,"76,517.30","75,869.80","77,188.50","75,599.00",155.17K,0.85%
11/7/2024,"75,868.60","75,585.50","76,837.80","74,448.20",184.16K,0.37%
11/6/2024,"75,586.30","69,374.10","76,401.40","69,323.00",357.28K,8.96%
11/5/2024,"69,373.70","67,848.30","70,495.60","67,473.60",108.95K,2.25%
11/4/2024,"67,848.80","68,770.30","69,483.40","66,834.00",101.31K,-1.34%
11/3/2024,"68,769.60","69,334.80","69,383.60","67,514.20",83.16K,-0.80%
11/2/2024,"69,325.80","69,499.30","69,896.90","69,029.00",38.72K,-0.26%
11/1/2024,"69,507.20","70,278.70","71,598.40","68,846.00",130.46K,-1.10%
10/31/2024,"70,281.80","72,343.70","72,685.70","69,674.50",111.29K,-2.86%
10/30/2024,"72,347.80","72,732.50","72,907.40","71,460.00",99.05K,-0.53%
10/29/2024,"72,730.40","69,957.20","73,569.40","69,753.20",168.60K,3.97%
10/28/2024,"69,954.10","68,011.90","70,203.40","67,610.00",103.97K,2.87%
10/27/2024,"68,004.60","67,084.70","68,308.00","66,924.60",33.58K,1.37%
10/26/2024,"67,086.80","66,694.50","67,408.40","66,443.80",42.05K,0.58%
10/25/2024,"66,696.80","68,191.90","68,756.80","65,644.20",110.51K,-2.19%
10/24/2024,"68,191.50","66,659.20","68,831.80","66,510.60",82.78K,2.29%
10/23/2024,"66,663.70","67,428.60","67,441.10","65,246.70",84.99K,-1.13%
10/22/2024,"67,427.30","67,370.80","67,815.30","66,609.40",86.76K,0.08%
10/21/2024,"67,371.30","69,030.50","69,490.80","66,845.50",109.28K,-2.40%
10/20/2024,"69,030.50","68,373.30","69,386.40","67,443.90",44.92K,0.96%
10/19/2024,"68,372.00","68,426.40","68,688.80","68,025.50",33.29K,-0.07%
10/18/2024,"68,423.10","67,416.50","68,990.30","67,190.90",99.20K,1.49%
10/17/2024,"67,418.40","67,618.10","67,933.50","66,677.30",84.68K,-0.30%
10/16/2024,"67,617.90","67,075.10","68,389.40","66,766.60",98.30K,0.81%
10/15/2024,"67,077.50","66,084.10","67,821.90","64,850.60",136.72K,1.51%
10/14/2024,"66,081.70","62,870.70","66,476.60","62,463.70",122.09K,5.11%
10/13/2024,"62,870.90","63,205.40","63,284.60","62,054.20",42.26K,-0.53%
10/12/2024,"63,205.10","62,506.60","63,463.10","62,486.10",40.91K,1.13%
10/11/2024,"62,499.40","60,317.50","63,385.10","60,080.60",86.38K,3.62%
10/10/2024,"60,316.20","60,628.90","61,304.60","59,075.70",83.86K,-0.52%
10/9/2024,"60,628.80","62,157.00","62,537.00","60,355.50",68.79K,-2.46%
10/8/2024,"62,157.00","62,226.90","63,196.60","61,883.20",63.75K,-0.14%
10/7/2024,"62,245.60","62,819.80","64,449.30","62,175.80",86.27K,-0.91%
10/6/2024,"62,819.40","62,062.00","62,934.50","61,495.40",31.72K,1.22%
10/5/2024,"62,061.40","62,085.50","62,366.80","61,705.70",30.15K,-0.03%
10/4/2024,"62,081.00","60,751.40","62,471.70","60,469.30",72.71K,2.19%
10/3/2024,"60,751.20","60,642.00","61,468.90","59,904.40",82.43K,0.17%
10/2/2024,"60,645.70","60,834.20","62,339.80","60,002.70",98.94K,-0.31%
10/1/2024,"60,835.50","63,329.90","64,125.30","60,195.90",134.93K,-3.95%
09/30/2024,"63,339.20","65,607.00","65,607.00","62,901.10",101.70K,-3.46%
09/29/2024,"65,607.10","65,862.80","66,065.70","65,436.80",32.60K,-0.39%
09/28/2024,"65,866.50","65,775.60","66,232.50","65,438.10",35.00K,0.14%
09/27/2024,"65,776.30","65,168.80","66,440.70","64,839.20",80.55K,0.92%
09/26/2024,"65,175.70","63,157.20","65,770.90","62,693.30",96.06K,3.20%
09/25/2024,"63,156.50","64,262.90","64,788.40","62,952.80",62.72K,-1.71%
09/24/2024,"64,256.80","63,335.90","64,664.10","62,740.80",76.71K,1.46%
09/23/2024,"63,331.80","63,575.40","64,723.40","62,650.00",75.66K,-0.38%
09/22/2024,"63,572.70","63,351.20","63,998.20","62,394.60",48.86K,0.35%
09/21/2024,"63,348.10","63,201.20","63,526.30","62,778.60",33.20K,0.23%
09/20/2024,"63,201.20","62,942.40","64,085.10","62,367.10",90.65K,0.42%
09/19/2024,"62,938.60","61,754.80","63,849.60","61,596.50",120.17K,1.91%
09/18/2024,"61,757.60","60,308.50","61,757.60","59,210.70",105.57K,2.40%
09/17/2024,"60,309.10","58,213.10","61,309.00","57,630.20",106.30K,3.60%
09/16/2024,"58,213.10","59,126.20","59,204.30","57,527.80",87.60K,-1.56%
09/15/2024,"59,138.50","59,995.60","60,377.60","58,717.90",47.01K,-1.43%
09/14/2024,"59,995.40","60,514.80","60,609.40","59,494.30",44.47K,-0.85%
09/13/2024,"60,511.60","58,134.40","60,625.40","57,656.80",102.12K,4.09%
9/12/2024,"58,134.50","57,335.50","58,484.10","57,329.60",98.42K,1.39%
9/11/2024,"57,338.70","57,638.00","57,975.90","55,576.60",102.15K,-0.51%
9/10/2024,"57,635.00","57,045.60","58,019.90","56,415.30",77.65K,1.03%
9/9/2024,"57,049.60","54,868.00","57,956.70","54,595.40",105.33K,3.99%
9/8/2024,"54,861.30","54,161.40","55,292.70","53,642.40",51.99K,1.30%
9/7/2024,"54,156.50","53,965.00","54,819.20","53,754.30",58.11K,0.35%
9/6/2024,"53,966.80","56,179.70","56,969.10","52,644.60",155.84K,-3.94%
9/5/2024,"56,183.20","57,970.70","58,318.90","55,744.60",90.36K,-3.09%
9/4/2024,"57,973.40","57,490.40","58,508.80","55,732.10",108.44K,0.86%
9/3/2024,"57,479.80","59,133.70","59,799.70","57,436.90",74.77K,-2.80%
9/2/2024,"59,134.00","57,309.00","59,416.60","57,185.80",73.18K,3.17%
9/1/2024,"57,315.70","58,975.70","59,058.70","57,232.40",63.95K,-2.82%
08/31/2024,"58,978.60","59,120.40","59,447.00","58,761.10",30.86K,-0.24%
08/30/2024,"59,119.70","59,371.70","59,817.60","57,874.70",87.31K,-0.43%
08/29/2024,"59,373.50","59,027.30","61,150.60","58,807.10",87.19K,0.61%
08/28/2024,"59,016.00","59,425.60","60,198.40","57,912.10",109.47K,-0.73%
08/27/2024,"59,450.90","62,832.20","63,201.40","58,187.30",108.53K,-5.40%
08/26/2024,"62,846.20","64,240.70","64,472.50","62,841.10",68.89K,-2.22%
08/25/2024,"64,273.20","64,160.70","64,939.20","63,796.60",41.61K,0.18%
08/24/2024,"64,159.30","64,061.70","64,458.90","63,579.50",54.14K,0.17%
08/23/2024,"64,053.10","60,374.70","64,830.10","60,354.40",125.50K,6.10%
08/22/2024,"60,372.20","61,158.30","61,399.70","59,815.80",74.39K,-1.29%
08/21/2024,"61,158.10","59,010.00","61,812.00","58,831.10",91.31K,3.65%
08/20/2024,"59,005.80","59,470.30","61,331.60","58,612.00",69.77K,-0.78%
08/19/2024,"59,470.90","58,445.80","59,598.50","57,872.00",49.19K,1.75%
08/18/2024,"58,446.30","59,485.40","60,216.30","58,436.10",30.82K,-1.74%
08/17/2024,"59,483.10","58,877.80","59,659.50","58,825.50",18.51K,1.03%
08/16/2024,"58,877.20","57,545.10","59,817.30","57,129.10",64.01K,2.33%
08/15/2024,"57,534.60","58,710.10","59,831.40","56,275.70",81.47K,-2.00%
08/14/2024,"58,707.80","60,594.60","61,543.00","58,491.20",64.79K,-3.11%
08/13/2024,"60,595.20","59,350.20","61,537.00","58,492.40",62.92K,2.10%
8/12/2024,"59,350.00","58,711.70","60,606.20","57,689.00",79.31K,1.08%
8/11/2024,"58,713.30","60,929.80","61,677.30","58,388.70",41.06K,-3.64%
8/10/2024,"60,931.70","60,844.50","61,344.50","60,264.20",22.91K,0.13%
8/9/2024,"60,850.60","61,697.80","61,712.30","59,570.20",69.55K,-1.38%
8/8/2024,"61,699.70","55,112.80","62,563.50","54,786.90",109.77K,11.94%
8/7/2024,"55,120.90","56,049.90","57,669.60","54,598.50",94.52K,-1.67%
8/6/2024,"56,057.80","54,010.80","57,025.60","53,998.20",113.89K,3.85%
8/5/2024,"53,979.00","58,142.90","58,291.40","49,486.90",333.46K,-7.16%
8/4/2024,"58,141.80","60,700.20","61,086.50","57,346.90",72.71K,-4.21%
8/3/2024,"60,696.70","61,480.80","62,184.20","59,914.60",65.74K,-1.27%
8/2/2024,"61,478.70","65,351.80","65,567.10","61,242.30",93.89K,-5.96%
8/1/2024,"65,372.90","64,625.70","65,587.90","62,303.90",84.20K,1.16%
07/31/2024,"64,626.00","66,185.40","66,825.60","64,538.30",51.52K,-2.36%
07/30/2024,"66,184.90","66,796.10","66,998.30","65,328.70",54.43K,-0.92%
07/29/2024,"66,798.70","68,256.30","70,000.20","66,544.50",85.67K,-2.14%
07/28/2024,"68,256.30","67,888.90","68,291.90","67,067.80",26.17K,0.61%
07/27/2024,"67,843.10","67,910.80","69,387.60","66,776.80",67.99K,-0.10%
07/26/2024,"67,908.60","65,799.70","68,205.00","65,764.30",59.13K,3.21%
07/25/2024,"65,799.30","65,363.90","66,088.60","63,500.90",77.46K,0.66%
07/24/2024,"65,370.50","65,936.80","67,072.10","65,155.20",52.47K,-0.86%
07/23/2024,"65,937.80","67,550.40","67,750.20","65,512.90",69.58K,-2.39%
07/22/2024,"67,553.60","68,158.40","68,468.90","66,601.80",54.88K,-0.89%
07/21/2024,"68,158.70","67,147.80","68,352.90","65,825.60",47.19K,1.50%
07/20/2024,"67,148.50","66,677.00","67,586.40","66,257.40",32.94K,0.71%
07/19/2024,"66,677.40","63,981.20","67,390.40","63,326.10",82.87K,4.22%
07/18/2024,"63,980.50","64,090.40","65,102.00","63,253.50",51.27K,-0.17%
07/17/2024,"64,089.20","65,052.80","66,051.50","63,897.50",66.11K,-1.48%
07/16/2024,"65,049.70","64,749.20","65,319.50","62,430.80",93.63K,0.41%
07/15/2024,"64,782.40","60,794.70","64,869.50","60,678.80",96.02K,6.56%
07/14/2024,"60,794.90","59,207.90","61,326.90","59,207.90",47.48K,2.68%
07/13/2024,"59,209.80","57,897.40","59,826.50","57,770.60",34.28K,2.29%
7/12/2024,"57,885.10","57,338.30","58,520.90","56,575.70",56.84K,0.96%
7/11/2024,"57,337.30","57,745.90","59,404.40","57,095.00",66.40K,-0.71%
7/10/2024,"57,746.70","58,040.20","59,393.80","57,185.30",59.60K,-0.50%
7/9/2024,"58,039.40","56,721.30","58,234.00","56,306.30",64.25K,2.32%
7/8/2024,"56,724.70","55,850.20","58,115.80","54,320.00",102.91K,1.55%
7/7/2024,"55,861.10","58,240.20","58,394.60","55,756.30",41.12K,-4.12%
7/6/2024,"58,259.20","56,640.00","58,462.00","56,026.80",46.91K,2.86%
7/5/2024,"56,641.80","57,025.70","57,471.10","53,883.40",175.51K,-0.67%
7/4/2024,"57,026.30","60,201.40","60,463.00","56,812.70",116.38K,-5.27%
7/3/2024,"60,199.30","62,104.90","62,263.60","59,466.60",73.34K,-3.07%
7/2/2024,"62,103.30","62,888.30","63,257.00","61,797.60",46.52K,-1.25%
7/1/2024,"62,890.10","62,768.80","63,842.10","62,558.00",59.94K,0.22%
06/30/2024,"62,754.30","60,973.10","63,006.60","60,703.70",37.21K,2.92%
06/29/2024,"60,973.40","60,403.70","61,192.80","60,382.80",26.56K,0.94%
06/28/2024,"60,403.30","61,684.60","62,175.40","60,081.90",58.95K,-2.08%
06/27/2024,"61,685.30","60,848.30","62,351.20","60,629.40",48.79K,1.37%
06/26/2024,"60,849.40","61,809.90","62,469.40","60,715.10",54.95K,-1.55%
06/25/2024,"61,809.40","60,292.00","62,266.00","60,262.20",77.28K,2.52%
06/24/2024,"60,292.70","63,201.60","63,357.10","58,589.90",120.60K,-4.59%
06/23/2024,"63,196.20","64,261.00","64,518.90","63,195.30",19.94K,-1.66%
06/22/2024,"64,261.00","64,131.90","64,523.90","63,944.00",17.55K,0.21%
06/21/2024,"64,128.50","64,854.30","65,054.90","63,427.90",60.86K,-1.12%
06/20/2024,"64,854.30","64,982.10","66,474.20","64,566.70",56.24K,-0.19%
06/19/2024,"64,980.90","65,159.80","65,706.40","64,705.60",42.96K,-0.27%
06/18/2024,"65,159.90","66,495.70","66,571.20","64,098.40",93.72K,-2.01%
06/17/2024,"66,498.80","66,672.90","67,253.80","65,115.40",66.09K,-0.26%
06/16/2024,"66,674.70","66,223.00","66,951.40","66,038.10",20.74K,0.68%
06/15/2024,"66,223.00","66,034.10","66,446.40","65,895.10",24.05K,0.29%
06/14/2024,"66,034.80","66,775.20","67,347.70","65,076.50",65.18K,-1.11%
06/13/2024,"66,773.10","68,260.60","68,384.60","66,324.30",66.36K,-2.18%
6/12/2024,"68,260.10","67,320.90","69,990.80","66,911.50",85.55K,1.40%
6/11/2024,"67,319.80","69,537.90","69,573.30","66,197.80",96.70K,-3.19%
6/10/2024,"69,538.20","69,650.20","70,152.50","69,259.90",39.12K,-0.16%
6/9/2024,"69,650.60","69,310.50","69,847.80","69,136.70",20.99K,0.49%
6/8/2024,"69,310.10","69,347.00","69,572.10","69,222.40",23.03K,-0.05%
6/7/2024,"69,347.90","70,793.40","71,956.50","68,620.70",82.62K,-2.04%
6/6/2024,"70,791.50","71,083.60","71,616.10","70,178.70",49.79K,-0.41%
6/5/2024,"71,083.70","70,550.90","71,744.40","70,397.10",67.06K,0.76%
6/4/2024,"70,549.20","68,808.00","71,034.20","68,564.30",75.69K,2.53%
6/3/2024,"68,807.80","67,763.30","70,131.00","67,616.80",69.42K,1.53%
6/2/2024,"67,773.50","67,760.80","68,447.50","67,330.60",30.63K,0.02%
6/1/2024,"67,760.80","67,533.90","67,861.00","67,449.60",19.01K,0.34%
05/31/2024,"67,530.10","68,352.30","69,018.20","66,676.80",61.51K,-1.21%
05/30/2024,"68,354.70","67,631.30","69,504.70","67,138.40",66.84K,1.06%
05/29/2024,"67,635.80","68,366.20","68,897.60","67,143.20",52.13K,-1.07%
05/28/2024,"68,366.00","69,428.30","69,560.70","67,299.90",71.39K,-1.53%
05/27/2024,"69,428.70","68,514.60","70,638.30","68,275.20",49.07K,1.33%
05/26/2024,"68,514.80","69,287.20","69,494.00","68,294.50",24.58K,-1.11%
05/25/2024,"69,284.40","68,548.20","69,558.80","68,516.10",25.17K,1.07%
05/24/2024,"68,547.60","67,971.10","69,212.00","66,685.80",63.28K,0.84%
05/23/2024,"67,975.70","69,166.30","70,041.00","66,578.10",89.45K,-1.71%
05/22/2024,"69,155.40","70,141.00","70,593.40","69,024.30",65.08K,-1.40%
05/21/2024,"70,139.90","71,430.50","71,872.00","69,181.70",108.56K,-1.80%
05/20/2024,"71,422.70","66,278.30","71,482.80","66,076.50",112.66K,7.76%
05/19/2024,"66,279.10","66,919.00","67,662.50","65,937.30",36.19K,-0.95%
05/18/2024,"66,917.50","67,036.60","67,361.40","66,636.10",29.68K,-0.18%
05/17/2024,"67,036.80","65,231.10","67,420.70","65,121.70",63.09K,2.77%
05/16/2024,"65,231.00","66,219.60","66,643.90","64,623.30",72.55K,-1.50%
05/15/2024,"66,225.10","61,569.40","66,417.10","61,357.50",106.05K,7.56%
05/14/2024,"61,569.40","62,936.80","63,102.60","61,156.90",68.84K,-2.17%
05/13/2024,"62,937.20","61,480.50","63,443.20","60,779.00",70.55K,2.37%
5/12/2024,"61,480.00","60,826.60","61,847.70","60,647.10",27.40K,1.07%
5/11/2024,"60,826.60","60,796.80","61,487.50","60,499.30",27.50K,0.05%
5/10/2024,"60,796.90","63,074.30","63,454.30","60,251.80",79.33K,-3.61%
5/9/2024,"63,075.00","61,207.30","63,413.30","60,671.40",64.22K,3.05%
5/8/2024,"61,207.50","62,304.90","62,997.40","60,894.20",56.47K,-1.78%
5/7/2024,"62,317.70","63,163.10","64,361.00","62,294.10",59.74K,-1.34%
5/6/2024,"63,163.10","64,005.80","65,448.80","62,730.70",77.68K,-1.32%
5/5/2024,"64,006.40","63,897.70","64,587.20","62,923.90",40.51K,0.18%
5/4/2024,"63,888.30","62,887.10","64,466.00","62,599.10",53.03K,1.61%
5/3/2024,"62,877.50","59,104.30","63,298.40","58,830.80",100.46K,6.35%
5/2/2024,"59,121.30","58,334.90","59,548.00","56,989.80",98.06K,1.35%
5/1/2024,"58,331.20","60,665.00","60,827.50","56,643.50",171.55K,-3.85%
04/30/2024,"60,666.60","63,852.40","64,700.20","59,228.70",121.04K,-5.00%
04/29/2024,"63,860.10","63,113.70","64,193.10","61,837.20",67.26K,1.19%
04/28/2024,"63,109.70","63,457.90","64,346.10","62,827.80",36.65K,-0.55%
04/27/2024,"63,456.80","63,765.80","63,916.70","62,507.70",45.34K,-0.49%
04/26/2024,"63,766.40","64,497.10","64,771.30","63,354.90",61.60K,-1.13%
04/25/2024,"64,497.10","64,287.10","65,247.50","62,889.20",80.77K,0.33%
04/24/2024,"64,285.70","66,414.90","67,060.50","63,606.90",77.83K,-3.21%
04/23/2024,"66,415.00","66,829.50","67,180.00","65,848.30",52.42K,-0.62%
04/22/2024,"66,829.30","64,940.10","67,208.00","64,527.50",72.30K,2.91%
04/21/2024,"64,940.20","64,942.10","65,680.60","64,267.50",42.02K,-0.03%
04/20/2024,"64,961.10","63,817.60","65,375.60","63,131.70",49.33K,1.82%
04/19/2024,"63,799.10","63,480.50","65,441.20","59,693.30",150.34K,0.50%
04/18/2024,"63,481.40","61,278.90","64,092.40","60,822.30",97.38K,3.59%
04/17/2024,"61,278.90","63,802.30","64,451.50","59,820.80",118.92K,-3.96%
04/16/2024,"63,805.30","63,416.10","64,274.40","61,715.60",114.96K,0.62%
04/15/2024,"63,411.90","65,696.60","66,805.10","62,379.50",118.79K,-3.48%
04/14/2024,"65,697.40","63,909.50","65,758.20","62,174.70",134.40K,2.89%
04/13/2024,"63,849.90","67,137.40","67,921.00","61,065.50",149.48K,-4.92%
4/12/2024,"67,151.90","70,014.90","71,226.90","65,829.30",131.84K,-4.08%
4/11/2024,"70,011.60","70,620.40","71,249.20","69,586.10",72.51K,-0.86%
4/10/2024,"70,622.10","69,147.80","71,086.90","67,570.00",97.71K,2.13%
4/9/2024,"69,148.00","71,627.30","71,737.20","68,264.60",93.69K,-3.47%
4/8/2024,"71,630.10","69,358.00","72,710.80","69,110.50",105.78K,3.27%
4/7/2024,"69,360.40","68,897.30","70,285.80","68,849.40",46.99K,0.68%
4/6/2024,"68,890.60","67,830.50","69,632.00","67,467.20",41.48K,1.56%
4/5/2024,"67,830.60","68,498.70","68,692.20","66,023.30",88.97K,-0.97%
4/4/2024,"68,496.50","65,968.40","69,238.80","65,096.30",100.30K,3.84%
4/3/2024,"65,963.00","65,443.60","66,844.80","64,559.00",88.46K,0.80%
4/2/2024,"65,439.20","69,662.70","69,673.00","64,628.40",152.87K,-6.07%
4/1/2024,"69,664.40","71,329.30","71,329.30","68,175.90",94.05K,-2.34%
03/31/2024,"71,332.00","69,608.50","71,367.50","69,576.60",42.45K,2.47%
03/30/2024,"69,611.50","69,872.30","70,321.20","69,564.90",29.87K,-0.37%
03/29/2024,"69,871.70","70,766.70","70,907.00","69,090.90",58.99K,-1.26%
03/28/2024,"70,762.10","69,449.40","71,542.50","68,956.90",72.49K,1.90%
03/27/2024,"69,442.40","69,999.20","71,670.80","68,428.60",112.88K,-0.80%
03/26/2024,"69,999.30","69,896.30","71,490.70","69,366.40",90.98K,0.15%
03/25/2024,"69,892.00","67,216.40","71,118.80","66,395.00",124.72K,3.99%
03/24/2024,"67,211.90","64,036.50","67,587.80","63,812.90",65.59K,4.96%
03/23/2024,"64,037.80","63,785.60","65,972.40","63,074.90",35.11K,0.40%
03/22/2024,"63,785.50","65,501.50","66,633.30","62,328.30",72.43K,-2.62%
03/21/2024,"65,503.80","67,860.00","68,161.70","64,616.10",75.26K,-3.46%
03/20/2024,"67,854.00","62,046.80","68,029.50","60,850.90",133.53K,9.35%
03/19/2024,"62,050.00","67,594.10","68,099.60","61,560.60",148.08K,-8.20%
03/18/2024,"67,594.10","68,389.70","68,920.10","66,601.40",78.07K,-1.17%
03/17/2024,"68,391.20","65,314.20","68,857.70","64,605.50",66.07K,4.71%
03/16/2024,"65,314.20","69,456.50","70,037.00","64,971.00",75.82K,-5.97%
03/15/2024,"69,463.70","71,387.10","72,398.10","65,765.60",148.59K,-2.69%
03/14/2024,"71,387.50","73,066.70","73,740.90","68,717.20",109.43K,-2.30%
03/13/2024,"73,066.30","71,461.90","73,623.50","71,338.40",77.18K,2.23%
3/12/2024,"71,470.20","72,099.10","72,916.70","68,845.60",105.09K,-0.87%
3/11/2024,"72,099.10","68,964.70","72,771.50","67,452.80",114.72K,4.54%
3/10/2024,"68,964.80","68,360.70","69,905.30","68,165.00",53.49K,0.88%
3/9/2024,"68,366.50","68,178.50","68,576.90","67,923.90",30.71K,0.29%
3/8/2024,"68,172.00","66,854.40","69,904.00","66,170.70",112.67K,1.97%
3/7/2024,"66,855.30","66,074.60","67,985.50","65,602.60",77.47K,1.17%
3/6/2024,"66,080.40","63,794.70","67,604.90","62,848.70",117.91K,3.59%
3/5/2024,"63,792.60","68,273.10","69,063.10","60,138.20",207.60K,-6.56%
3/4/2024,"68,270.10","63,135.80","68,495.10","62,746.80",130.86K,8.13%
3/3/2024,"63,135.80","61,955.60","63,227.30","61,399.40",38.01K,1.84%
3/2/2024,"61,994.50","62,397.70","62,446.30","61,621.90",33.80K,-0.65%
3/1/2024,"62,397.70","61,157.30","63,147.30","60,790.90",74.96K,2.01%
02/29/2024,"61,169.30","62,467.10","63,653.40","60,512.50",119.29K,-2.08%
02/28/2024,"62,467.60","57,048.70","63,915.30","56,704.90",173.64K,9.48%
02/27/2024,"57,056.20","54,491.10","57,555.20","54,464.00",100.48K,4.70%
02/26/2024,"54,495.10","51,722.70","54,899.10","50,925.20",78.05K,5.36%
02/25/2024,"51,722.70","51,572.10","51,952.00","51,299.00",23.61K,0.29%
02/24/2024,"51,571.60","50,739.60","51,689.90","50,592.00",20.99K,1.64%
02/23/2024,"50,740.50","51,320.60","51,532.50","50,537.60",43.27K,-1.13%
02/22/2024,"51,320.40","51,850.20","52,015.80","50,947.30",50.27K,-1.04%
02/21/2024,"51,858.20","52,263.50","52,367.30","50,676.90",59.02K,-0.78%
02/20/2024,"52,263.50","51,783.10","52,936.80","50,801.80",68.10K,0.93%
02/19/2024,"51,783.60","52,119.60","52,484.80","51,694.20",36.73K,-0.64%
02/18/2024,"52,117.50","51,646.00","52,350.30","51,199.60",26.89K,0.91%
02/17/2024,"51,646.00","52,134.20","52,175.50","50,652.30",32.45K,-0.94%
02/16/2024,"52,134.20","51,901.40","52,556.70","51,612.60",52.86K,0.45%
02/15/2024,"51,901.30","51,805.20","52,819.40","51,327.50",74.72K,0.23%
02/14/2024,"51,782.40","49,708.60","52,010.70","49,263.80",80.35K,4.16%
02/13/2024,"49,716.00","49,941.00","50,326.60","48,398.30",78.51K,-0.45%
2/12/2024,"49,941.30","48,280.20","50,277.30","47,729.90",81.85K,3.45%
2/11/2024,"48,277.30","47,759.30","48,531.60","47,590.20",36.50K,1.09%
2/10/2024,"47,758.20","47,128.00","48,149.00","46,875.00",31.20K,1.34%
2/9/2024,"47,127.50","45,293.30","48,118.80","45,254.20",98.11K,4.05%
2/8/2024,"45,293.30","44,346.20","45,579.20","44,336.40",66.38K,2.15%
2/7/2024,"44,339.80","43,088.40","44,367.90","42,783.50",48.57K,2.91%
2/6/2024,"43,087.70","42,697.60","43,375.50","42,566.80",33.32K,0.91%
2/5/2024,"42,697.20","42,581.40","43,532.20","42,272.50",39.26K,0.27%
2/4/2024,"42,581.40","43,006.20","43,113.20","42,379.40",20.33K,-0.99%
2/3/2024,"43,005.70","43,194.70","43,370.40","42,882.00",14.57K,-0.44%
2/2/2024,"43,194.70","43,083.70","43,459.30","42,596.30",42.65K,0.26%
2/1/2024,"43,081.40","42,580.10","43,263.10","41,890.50",47.69K,1.18%
01/31/2024,"42,580.50","42,946.20","43,739.70","42,315.40",56.48K,-0.85%
01/30/2024,"42,946.20","43,303.30","43,817.90","42,702.90",55.13K,-0.82%
01/29/2024,"43,299.80","42,031.40","43,305.60","41,824.70",45.23K,3.02%
01/28/2024,"42,030.70","42,121.30","42,817.10","41,649.00",32.53K,-0.21%
01/27/2024,"42,120.90","41,811.50","42,191.80","41,413.00",20.46K,0.74%
01/26/2024,"41,811.30","39,942.00","42,214.80","39,831.20",69.47K,4.70%
01/25/2024,"39,935.70","40,085.10","40,285.80","39,546.30",46.30K,-0.37%
01/24/2024,"40,086.00","39,891.30","40,535.20","39,510.00",58.64K,0.49%
01/23/2024,"39,888.80","39,555.00","40,159.40","38,546.90",82.67K,0.84%
01/22/2024,"39,556.40","41,581.70","41,684.90","39,468.40",85.10K,-4.87%
01/21/2024,"41,583.20","41,695.40","41,878.00","41,504.50",16.11K,-0.27%
01/20/2024,"41,695.40","41,647.60","41,858.00","41,449.50",22.27K,0.11%
01/19/2024,"41,648.00","41,293.80","42,164.60","40,305.40",72.64K,0.86%
01/18/2024,"41,292.70","42,763.50","42,908.00","40,682.60",70.35K,-3.45%
01/17/2024,"42,768.70","43,139.10","43,192.30","42,211.80",50.44K,-0.87%
01/16/2024,"43,145.50","42,515.20","43,563.70","42,093.10",63.93K,1.49%
01/15/2024,"42,510.70","41,747.60","43,348.90","41,719.20",52.08K,1.83%
01/14/2024,"41,746.10","42,851.30","43,069.40","41,739.60",37.14K,-2.58%
01/13/2024,"42,851.30","42,836.70","43,248.60","42,443.30",48.18K,0.04%
1/12/2024,"42,835.90","46,348.10","46,503.20","41,857.90",136.92K,-7.58%
1/11/2024,"46,348.20","46,629.30","48,923.70","45,651.80",131.04K,-0.60%
1/10/2024,"46,629.30","46,112.00","47,654.30","44,403.60",131.48K,1.08%
1/9/2024,"46,129.00","46,959.20","47,880.10","45,333.90",100.09K,-1.77%
1/8/2024,"46,962.20","43,934.20","47,196.70","43,251.00",103.09K,6.91%
1/7/2024,"43,927.30","43,973.50","44,481.20","43,627.90",29.53K,-0.09%
1/6/2024,"43,967.90","44,156.60","44,203.20","43,424.00",24.26K,-0.43%
1/5/2024,"44,156.90","44,163.00","44,312.10","42,629.00",68.07K,0.00%
1/4/2024,"44,157.00","42,836.10","44,744.50","42,632.80",68.05K,3.08%
1/3/2024,"42,836.10","44,943.70","45,492.70","40,888.30",117.65K,-4.69%
1/2/2024,"44,943.70","44,182.90","45,885.40","44,166.00",97.84K,1.72%
1/1/2024,"44,183.40","42,272.50","44,187.00","42,196.70",36.30K,4.52%
12/31/2023,"42,272.50","42,141.60","42,878.80","41,971.40",35.58K,0.32%
12/30/2023,"42,136.70","42,074.70","42,592.20","41,527.30",35.18K,0.15%
12/29/2023,"42,072.40","42,581.10","43,108.00","41,459.00",60.98K,-1.19%
12/28/2023,"42,581.10","43,446.50","43,782.60","42,309.30",49.84K,-1.99%
12/27/2023,"43,446.50","42,514.30","43,676.70","42,115.30",50.10K,2.20%
12/26/2023,"42,513.30","43,579.90","43,594.90","41,796.60",56.03K,-2.44%
12/25/2023,"43,578.50","42,982.00","43,792.70","42,745.30",32.67K,1.39%
12/24/2023,"42,981.50","43,710.40","43,935.70","42,748.50",30.86K,-1.67%
12/23/2023,"43,710.40","43,968.90","43,994.60","43,325.70",21.29K,-0.59%
12/22/2023,"43,968.90","43,865.90","44,394.60","43,419.30",44.50K,0.23%
12/21/2023,"43,865.90","43,660.30","44,241.80","43,310.20",48.96K,0.47%
12/20/2023,"43,662.80","42,259.50","44,278.70","42,217.20",70.19K,3.32%
12/19/2023,"42,259.30","42,659.70","43,473.30","41,842.70",55.29K,-0.94%
12/18/2023,"42,659.70","41,369.10","42,728.00","40,554.00",61.58K,3.12%
12/17/2023,"41,368.70","42,271.70","42,413.20","41,276.90",35.46K,-2.14%
12/16/2023,"42,271.70","41,929.00","42,690.30","41,698.20",30.11K,0.82%
12/15/2023,"41,929.00","43,025.20","43,080.70","41,697.90",45.28K,-2.55%
12/14/2023,"43,025.90","42,886.30","43,392.70","41,591.20",59.15K,0.33%
12/13/2023,"42,884.50","41,487.00","43,417.50","40,649.30",63.11K,3.37%
12/12/2023,"41,487.00","41,256.10","42,070.90","40,691.50",57.04K,0.56%
12/11/2023,"41,256.10","43,791.00","43,806.30","40,277.10",105.19K,-5.79%
12/10/2023,"43,791.00","43,716.60","44,045.40","43,576.80",23.81K,0.17%
12/9/2023,"43,718.40","44,175.50","44,361.20","43,617.40",31.67K,-1.03%
12/8/2023,"44,175.50","43,288.30","44,697.60","43,108.40",58.44K,2.05%
12/7/2023,"43,289.70","43,774.40","44,046.40","42,860.50",63.09K,-1.11%
12/6/2023,"43,776.30","44,076.20","44,283.70","43,466.70",72.52K,-0.68%
12/5/2023,"44,076.20","41,989.60","44,424.10","41,424.90",96.84K,4.97%
12/4/2023,"41,987.80","39,968.60","42,394.40","39,968.60",104.21K,5.05%
12/3/2023,"39,970.20","39,456.80","40,178.90","39,280.30",35.27K,1.30%
12/2/2023,"39,458.40","38,688.20","39,673.40","38,646.50",37.09K,1.99%
12/1/2023,"38,688.20","37,712.90","38,950.80","37,618.30",62.50K,2.59%
11/30/2023,"37,712.90","37,857.60","38,144.40","37,509.20",33.53K,-0.38%
11/29/2023,"37,855.50","37,823.30","38,362.90","37,607.60",49.34K,0.09%
11/28/2023,"37,823.30","37,244.30","38,379.40","36,881.10",57.50K,1.54%
11/27/2023,"37,248.60","37,451.80","37,563.30","36,751.50",45.24K,-0.54%
11/26/2023,"37,451.80","37,786.40","37,819.10","37,166.30",29.20K,-0.89%
11/25/2023,"37,787.00","37,718.60","37,887.40","37,599.90",16.09K,0.18%
11/24/2023,"37,717.30","37,295.00","38,400.80","37,257.40",65.83K,1.14%
11/23/2023,"37,293.10","37,410.80","37,642.50","36,915.30",32.35K,-0.31%
11/22/2023,"37,410.80","35,797.50","37,862.50","35,695.60",64.81K,4.46%
11/21/2023,"35,813.60","37,452.70","37,631.20","35,799.20",71.07K,-4.38%
11/20/2023,"37,454.10","37,356.60","37,735.60","36,857.60",51.80K,0.27%
11/19/2023,"37,354.20","36,568.60","37,504.60","36,393.30",26.14K,2.15%
11/18/2023,"36,568.60","36,617.50","36,845.20","36,220.60",20.88K,-0.07%
11/17/2023,"36,595.40","36,161.80","36,690.60","35,875.20",51.37K,1.20%
11/16/2023,"36,161.20","37,873.90","37,907.60","35,561.60",66.92K,-4.52%
11/15/2023,"37,874.90","35,549.30","37,954.10","35,379.60",75.51K,6.54%
11/14/2023,"35,549.30","36,478.30","36,744.50","34,984.30",63.56K,-2.55%
11/13/2023,"36,478.30","37,067.80","37,404.60","36,358.40",44.55K,-1.58%
11/12/2023,"37,064.40","37,149.00","37,215.30","36,761.90",21.45K,-0.23%
11/11/2023,"37,150.50","37,306.30","37,401.30","36,767.60",29.53K,-0.41%
11/10/2023,"37,303.00","36,700.50","37,496.10","36,347.20",59.56K,1.64%
11/9/2023,"36,700.50","35,636.90","37,942.00","35,578.10",115.56K,2.98%
11/8/2023,"35,636.90","35,426.20","36,050.20","35,148.80",46.33K,0.60%
11/7/2023,"35,426.10","35,042.10","35,877.90","34,536.90",53.49K,1.10%
11/6/2023,"35,042.00","35,020.30","35,275.60","34,742.90",29.81K,0.06%
11/5/2023,"35,019.40","35,065.80","35,360.20","34,550.00",31.02K,-0.13%
11/4/2023,"35,065.80","34,718.60","35,242.20","34,601.10",23.80K,1.00%
11/3/2023,"34,718.70","34,931.40","34,940.60","34,124.20",54.54K,-0.61%
11/2/2023,"34,931.40","35,423.80","35,907.60","34,357.40",63.66K,-1.39%
11/1/2023,"35,423.80","34,648.30","35,557.50","34,138.70",71.66K,2.23%
10/31/2023,"34,650.60","34,478.90","34,704.60","34,053.90",43.40K,0.50%
10/30/2023,"34,477.90","34,526.70","34,853.30","34,089.50",45.20K,-0.14%
10/29/2023,"34,526.70","34,082.60","34,737.90","33,937.60",27.72K,1.30%
10/28/2023,"34,082.60","33,901.60","34,387.80","33,867.30",22.00K,0.53%
10/27/2023,"33,901.80","34,153.70","34,245.80","33,423.60",47.33K,-0.74%
10/26/2023,"34,153.70","34,497.60","34,826.00","33,749.90",56.62K,-0.99%
10/25/2023,"34,496.80","33,917.00","35,123.90","33,713.40",75.81K,1.71%
10/24/2023,"33,917.00","33,037.30","35,191.40","32,866.50",159.08K,2.65%
10/23/2023,"33,041.80","29,984.20","34,375.60","29,891.40",133.46K,10.20%
10/22/2023,"29,984.20","29,912.70","30,193.40","29,713.60",29.07K,0.24%
10/21/2023,"29,912.90","29,674.70","30,264.80","29,469.10",34.68K,0.80%
10/20/2023,"29,674.50","28,724.00","30,165.90","28,586.10",82.68K,3.31%
10/19/2023,"28,723.00","28,321.80","28,883.80","28,170.20",50.10K,1.42%
10/18/2023,"28,321.70","28,405.20","28,876.00","28,169.00",45.01K,-0.29%
10/17/2023,"28,403.60","28,508.30","28,608.50","28,096.90",53.42K,-0.37%
10/16/2023,"28,509.70","27,161.20","29,969.50","27,119.70",119.18K,4.96%
10/15/2023,"27,161.20","26,852.80","27,286.90","26,812.60",21.95K,1.15%
10/14/2023,"26,852.80","26,863.50","26,975.70","26,805.10",13.56K,-0.04%
10/13/2023,"26,863.50","26,761.10","27,114.80","26,682.90",33.66K,0.38%
10/12/2023,"26,761.10","26,878.20","26,942.80","26,565.30",32.75K,-0.43%
10/11/2023,"26,876.60","27,391.90","27,475.90","26,558.40",55.78K,-1.88%
10/10/2023,"27,391.00","27,581.50","27,728.10","27,300.10",34.32K,-0.69%
10/9/2023,"27,581.40","27,922.70","27,986.40","27,279.50",44.81K,-1.22%
10/8/2023,"27,922.70","27,961.10","28,097.50","27,714.40",24.11K,-0.14%
10/7/2023,"27,961.10","27,935.50","28,021.30","27,859.00",17.29K,0.09%
10/6/2023,"27,936.90","27,410.30","28,223.60","27,195.70",52.51K,1.92%
10/5/2023,"27,410.30","27,783.50","28,089.10","27,371.70",46.26K,-1.37%
10/4/2023,"27,790.90","27,428.70","27,832.70","27,242.50",40.93K,1.32%
10/3/2023,"27,428.40","27,501.60","27,670.80","27,194.10",44.06K,-0.28%
10/2/2023,"27,505.30","27,974.60","28,556.60","27,325.20",84.30K,-1.68%
10/1/2023,"27,974.50","26,962.50","28,038.40","26,955.70",35.11K,3.75%
09/30/2023,"26,962.70","26,908.10","27,085.70","26,887.50",17.55K,0.20%
09/29/2023,"26,909.80","27,022.60","27,229.50","26,728.80",42.24K,-0.42%
09/28/2023,"27,022.60","26,368.20","27,283.60","26,339.40",64.56K,2.49%
09/27/2023,"26,366.10","26,218.90","26,836.90","26,109.10",50.80K,0.56%
09/26/2023,"26,218.90","26,303.10","26,396.20","26,093.40",26.41K,-0.32%
09/25/2023,"26,302.70","26,251.60","26,423.60","26,013.60",38.20K,0.20%
09/24/2023,"26,251.50","26,579.00","26,727.60","26,162.20",22.32K,-1.23%
09/23/2023,"26,579.20","26,581.70","26,636.20","26,517.50",12.92K,-0.01%
09/22/2023,"26,581.90","26,569.50","26,736.40","26,488.50",28.79K,0.04%
09/21/2023,"26,570.00","27,125.20","27,155.60","26,382.30",47.81K,-2.05%
09/20/2023,"27,125.00","27,209.20","27,378.60","26,851.80",47.23K,-0.31%
09/19/2023,"27,209.20","26,759.00","27,480.70","26,672.20",52.17K,1.67%
09/18/2023,"26,763.50","26,530.30","27,413.30","26,405.20",63.35K,0.88%
09/17/2023,"26,529.10","26,562.00","26,614.40","26,408.70",16.57K,-0.12%
09/16/2023,"26,562.00","26,599.90","26,769.00","26,463.50",18.45K,-0.15%
09/15/2023,"26,601.00","26,523.30","26,837.40","26,233.10",36.47K,0.29%
09/14/2023,"26,524.70","26,223.00","26,760.30","26,148.60",53.82K,1.15%
09/13/2023,"26,223.00","25,836.10","26,382.30","25,766.90",42.58K,1.50%
9/12/2023,"25,834.50","25,166.40","26,472.60","25,133.50",78.71K,2.65%
9/11/2023,"25,166.40","25,840.20","25,897.40","24,923.10",56.32K,-2.61%
9/10/2023,"25,840.20","25,901.10","25,995.10","25,626.70",23.60K,-0.24%
9/9/2023,"25,901.10","25,909.50","25,938.50","25,814.30",13.48K,-0.03%
9/8/2023,"25,909.50","26,248.50","26,415.40","25,701.60",41.01K,-1.30%
9/7/2023,"26,249.80","25,758.00","26,417.70","25,626.50",39.77K,1.91%
9/6/2023,"25,758.00","25,790.10","26,018.40","25,411.70",37.78K,-0.13%
9/5/2023,"25,790.20","25,824.40","25,864.00","25,596.30",28.40K,-0.13%
9/4/2023,"25,823.30","25,971.00","26,094.20","25,660.90",27.13K,-0.57%
9/3/2023,"25,971.00","25,869.70","26,090.40","25,816.60",21.36K,0.39%
9/2/2023,"25,869.70","25,803.50","25,977.40","25,752.70",21.24K,0.26%
9/1/2023,"25,803.20","25,938.30","26,144.90","25,361.90",58.08K,-0.52%
08/31/2023,"25,937.30","27,300.60","27,464.50","25,731.00",69.11K,-4.99%
08/30/2023,"27,298.80","27,723.90","27,757.30","27,043.20",46.54K,-1.53%
08/29/2023,"27,723.90","26,118.10","28,046.00","25,919.80",98.32K,6.14%
08/28/2023,"26,118.90","26,100.60","26,215.70","25,891.00",28.84K,0.07%
08/27/2023,"26,100.60","26,017.10","26,176.80","25,968.70",14.29K,0.32%
08/26/2023,"26,017.10","26,057.20","26,114.10","25,993.50",12.09K,-0.15%
08/25/2023,"26,057.20","26,176.10","26,265.70","25,811.60",39.96K,-0.46%
08/24/2023,"26,177.00","26,436.20","26,560.50","25,943.60",41.04K,-0.98%
08/23/2023,"26,436.20","26,042.00","26,807.70","25,812.60",60.96K,1.52%
08/22/2023,"26,039.90","26,126.80","26,138.80","25,481.90",47.72K,-0.33%
08/21/2023,"26,126.00","26,190.80","26,220.90","25,850.80",41.10K,-0.25%
08/20/2023,"26,190.80","26,099.50","26,269.10","25,998.50",24.00K,0.35%
08/19/2023,"26,099.40","26,053.30","26,262.20","25,799.50",33.04K,0.18%
08/18/2023,"26,053.20","26,635.70","26,801.90","25,691.00",93.05K,-2.19%
08/17/2023,"26,635.70","28,726.10","28,771.80","25,489.40",132.92K,-7.28%
08/16/2023,"28,726.30","29,195.30","29,251.10","28,717.60",43.71K,-1.61%
08/15/2023,"29,195.30","29,426.70","29,472.00","29,118.60",33.81K,-0.79%
08/14/2023,"29,426.70","29,300.10","29,689.00","29,116.00",39.30K,0.43%
08/13/2023,"29,300.10","29,428.20","29,468.50","29,272.30",13.49K,-0.44%
8/12/2023,"29,428.20","29,420.80","29,480.80","29,375.40",11.07K,0.02%
8/11/2023,"29,420.80","29,448.90","29,544.90","29,271.20",27.71K,-0.10%
8/10/2023,"29,449.00","29,578.00","29,719.40","29,377.50",32.00K,-0.44%
8/9/2023,"29,578.00","29,771.30","30,104.00","29,384.20",49.67K,-0.67%
8/8/2023,"29,777.40","29,204.20","30,168.60","29,137.70",62.57K,1.96%
8/7/2023,"29,204.20","29,081.30","29,270.20","28,721.00",41.19K,0.42%
8/6/2023,"29,081.30","29,067.90","29,198.90","28,987.40",16.03K,0.05%
8/5/2023,"29,068.10","29,105.60","29,139.30","28,983.00",14.55K,-0.13%
8/4/2023,"29,105.50","29,189.10","29,319.10","28,875.80",31.43K,-0.29%
8/3/2023,"29,189.30","29,180.90","29,409.80","28,981.00",36.08K,0.05%
8/2/2023,"29,173.70","29,711.80","30,025.90","28,961.60",67.41K,-1.81%
8/1/2023,"29,712.20","29,232.30","29,712.20","28,611.00",64.01K,1.64%
07/31/2023,"29,232.40","29,282.00","29,502.30","29,128.30",31.84K,-0.17%
07/30/2023,"29,281.70","29,354.20","29,446.60","29,054.50",20.58K,-0.24%
07/29/2023,"29,353.50","29,315.00","29,400.10","29,256.90",13.90K,0.13%
07/28/2023,"29,315.00","29,222.70","29,533.00","29,125.10",31.42K,0.32%
07/27/2023,"29,222.70","29,352.90","29,568.80","29,094.00",30.42K,-0.44%
07/26/2023,"29,352.20","29,228.80","29,681.80","29,109.70",44.33K,0.42%
07/25/2023,"29,228.60","29,178.30","29,365.40","29,058.70",29.05K,0.17%
07/24/2023,"29,178.10","30,085.90","30,098.20","28,890.70",55.73K,-3.02%
07/23/2023,"30,085.90","29,788.90","30,337.00","29,735.70",23.32K,1.00%
07/22/2023,"29,788.90","29,904.50","29,988.00","29,657.30",18.47K,-0.38%
07/21/2023,"29,903.10","29,801.00","30,058.90","29,739.90",32.59K,0.34%
07/20/2023,"29,801.00","29,909.70","30,408.00","29,621.40",50.33K,-0.36%
07/19/2023,"29,909.70","29,866.70","30,185.50","29,789.30",34.96K,0.14%
07/18/2023,"29,866.80","30,139.70","30,242.40","29,624.60",42.40K,-0.91%
07/17/2023,"30,139.70","30,235.50","30,335.90","29,693.30",42.84K,-0.32%
07/16/2023,"30,235.50","30,291.80","30,435.00","30,075.40",20.31K,-0.18%
07/15/2023,"30,291.40","30,316.80","30,395.40","30,246.90",17.06K,-0.09%
07/14/2023,"30,317.40","31,465.40","31,602.60","29,944.30",82.42K,-3.65%
07/13/2023,"31,466.10","30,387.30","31,764.50","30,260.00",99.81K,3.55%
7/12/2023,"30,387.30","30,623.30","30,951.30","30,231.70",54.06K,-0.77%
7/11/2023,"30,623.30","30,414.20","30,782.20","30,333.80",39.84K,0.68%
7/10/2023,"30,415.30","30,166.90","31,019.60","29,969.10",55.24K,0.82%
7/9/2023,"30,166.90","30,288.80","30,425.50","30,071.90",20.05K,-0.40%
7/8/2023,"30,288.80","30,346.80","30,379.90","30,055.90",17.41K,-0.19%
7/7/2023,"30,346.40","29,912.70","30,442.00","29,757.40",46.42K,1.45%
7/6/2023,"29,913.10","30,512.80","31,463.60","29,869.00",90.81K,-1.97%
7/5/2023,"30,512.80","30,768.60","30,875.60","30,233.30",43.23K,-0.83%
7/4/2023,"30,768.40","31,152.00","31,326.50","30,657.80",42.12K,-1.23%
7/3/2023,"31,151.30","30,617.50","31,377.00","30,581.50",56.49K,1.74%
7/2/2023,"30,617.70","30,587.10","30,769.00","30,227.90",28.82K,0.10%
7/1/2023,"30,586.80","30,472.90","30,649.90","30,329.00",22.46K,0.37%
06/30/2023,"30,472.90","30,445.70","31,275.50","29,714.50",118.65K,0.09%
06/29/2023,"30,445.70","30,077.30","30,823.10","30,051.30",49.57K,1.22%
06/28/2023,"30,078.60","30,691.90","30,703.40","29,919.50",51.06K,-1.99%
06/27/2023,"30,689.10","30,267.00","30,993.70","30,231.30",55.82K,1.39%
06/26/2023,"30,267.00","30,466.30","30,645.90","29,986.30",58.71K,-0.65%
06/25/2023,"30,465.30","30,533.60","31,040.20","30,315.80",37.12K,-0.22%
06/24/2023,"30,533.60","30,680.70","30,795.30","30,269.40",38.15K,-0.48%
06/23/2023,"30,679.40","29,890.20","31,395.40","29,822.60",98.85K,2.64%
06/22/2023,"29,890.50","29,992.80","30,497.80","29,590.40",79.22K,-0.35%
06/21/2023,"29,996.90","28,307.70","30,769.50","28,270.50",143.49K,5.97%
06/20/2023,"28,307.70","26,845.90","28,393.00","26,665.50",100.55K,5.44%
06/19/2023,"26,845.90","26,339.70","27,029.70","26,295.10",46.45K,1.92%
06/18/2023,"26,339.70","26,515.00","26,679.30","26,290.60",27.31K,-0.66%
06/17/2023,"26,515.00","26,341.30","26,767.30","26,183.50",35.86K,0.66%
06/16/2023,"26,341.30","25,591.90","26,472.80","25,276.00",69.24K,2.93%
06/15/2023,"25,591.30","25,129.50","25,732.80","24,838.00",68.38K,1.84%
06/14/2023,"25,129.50","25,929.00","26,051.70","24,847.40",60.82K,-3.08%
06/13/2023,"25,929.40","25,906.90","26,428.90","25,726.40",56.24K,0.09%
6/12/2023,"25,906.80","25,927.90","26,080.70","25,635.00",40.75K,-0.08%
6/11/2023,"25,928.40","25,843.30","26,190.10","25,660.80",39.20K,0.33%
6/10/2023,"25,844.00","26,479.30","26,525.10","25,468.30",83.57K,-2.40%
6/9/2023,"26,479.30","26,501.10","26,773.90","26,326.70",38.96K,-0.08%
6/8/2023,"26,501.10","26,341.80","26,784.40","26,231.30",39.95K,0.60%
6/7/2023,"26,342.50","27,230.20","27,342.00","26,141.00",77.48K,-3.26%
6/6/2023,"27,230.20","25,745.60","27,325.20","25,425.60",88.61K,5.76%
6/5/2023,"25,747.40","27,122.30","27,125.50","25,437.50",85.42K,-5.07%
6/4/2023,"27,122.30","27,070.90","27,410.20","26,956.10",23.81K,0.19%
6/3/2023,"27,072.00","27,246.00","27,317.50","26,931.40",20.62K,-0.63%
6/2/2023,"27,244.70","26,819.00","27,299.40","26,541.30",49.37K,1.59%
6/1/2023,"26,819.00","27,216.40","27,340.90","26,662.30",51.98K,-1.46%
05/31/2023,"27,216.10","27,696.90","27,825.00","26,865.10",63.08K,-1.74%
05/30/2023,"27,698.20","27,738.90","28,033.60","27,583.80",45.19K,-0.15%
05/29/2023,"27,739.40","28,068.40","28,431.20","27,548.80",54.56K,-1.18%
05/28/2023,"28,071.20","26,855.30","28,181.90","26,788.50",55.23K,4.52%
05/27/2023,"26,857.50","26,711.20","26,882.90","26,591.20",18.68K,0.55%
05/26/2023,"26,711.50","26,475.50","26,911.60","26,330.00",45.88K,0.89%
05/25/2023,"26,475.80","26,327.10","26,589.20","25,892.50",50.17K,0.56%
05/24/2023,"26,328.40","27,220.70","27,220.70","26,088.70",72.65K,-3.28%
05/23/2023,"27,220.70","26,851.60","27,448.10","26,804.10",50.89K,1.39%
05/22/2023,"26,847.30","26,749.90","27,048.90","26,546.10",35.56K,0.36%
05/21/2023,"26,749.90","27,116.20","27,257.10","26,677.60",27.42K,-1.35%
05/20/2023,"27,116.20","26,883.00","27,147.20","26,831.30",17.72K,0.87%
05/19/2023,"26,882.90","26,828.20","27,154.70","26,711.30",36.67K,0.20%
05/18/2023,"26,828.00","27,403.80","27,467.00","26,449.80",63.39K,-2.10%
05/17/2023,"27,403.10","27,035.50","27,465.30","26,597.70",58.14K,1.36%
05/16/2023,"27,035.30","27,183.90","27,295.30","26,881.90",45.29K,-0.55%
05/15/2023,"27,183.90","26,920.40","27,651.70","26,752.10",53.27K,0.98%
05/14/2023,"26,920.00","26,777.40","27,176.10","26,609.90",26.35K,0.53%
05/13/2023,"26,777.50","26,798.70","27,011.90","26,695.60",27.95K,-0.08%
5/12/2023,"26,799.20","26,983.10","27,044.00","25,853.10",87.49K,-0.68%
5/11/2023,"26,983.50","27,604.30","27,607.40","26,766.20",62.85K,-2.25%
5/10/2023,"27,603.30","27,634.30","28,311.70","26,885.70",91.45K,-0.11%
5/9/2023,"27,634.90","27,670.50","27,816.00","27,366.30",49.75K,-0.13%
5/8/2023,"27,670.50","28,424.80","28,627.80","27,280.30",85.72K,-2.65%
5/7/2023,"28,424.80","28,857.10","29,122.00","28,419.60",36.50K,-1.50%
5/6/2023,"28,857.10","29,512.80","29,816.40","28,414.90",58.94K,-2.22%
5/5/2023,"29,513.20","28,842.20","29,653.90","28,825.30",74.52K,2.33%
5/4/2023,"28,842.10","29,023.60","29,352.70","28,687.40",53.80K,-0.63%
5/3/2023,"29,023.60","28,669.10","29,244.70","28,164.40",81.22K,1.24%
5/2/2023,"28,669.10","28,079.00","28,877.40","27,913.20",65.33K,2.11%
5/1/2023,"28,077.60","29,252.10","29,329.60","27,685.90",84.36K,-4.02%
04/30/2023,"29,252.10","29,235.10","29,941.30","29,095.00",47.62K,0.06%
04/29/2023,"29,234.10","29,318.40","29,425.50","29,058.50",25.72K,-0.30%
04/28/2023,"29,321.80","29,475.90","29,587.20","28,927.80",69.88K,-0.52%
04/27/2023,"29,475.90","28,424.50","29,859.80","28,392.40",121.63K,3.70%
04/26/2023,"28,424.60","28,298.80","29,995.70","27,307.80",164.31K,0.44%
04/25/2023,"28,298.80","27,510.10","28,375.60","27,201.10",65.31K,2.87%
04/24/2023,"27,509.30","27,591.40","27,978.80","27,054.30",66.74K,-0.30%
04/23/2023,"27,591.40","27,813.80","27,815.00","27,388.50",41.77K,-0.80%
04/22/2023,"27,813.90","27,264.80","27,872.00","27,165.70",44.30K,2.01%
04/21/2023,"27,264.80","28,240.50","28,353.40","27,171.10",98.72K,-3.46%
04/20/2023,"28,240.50","28,813.70","29,082.10","28,032.40",95.45K,-1.99%
04/19/2023,"28,813.70","30,382.20","30,408.40","28,641.10",111.27K,-5.16%
04/18/2023,"30,382.20","29,434.10","30,470.10","29,149.20",76.58K,3.22%
04/17/2023,"29,434.90","30,310.80","30,312.20","29,274.00",71.90K,-2.89%
04/16/2023,"30,310.30","30,299.20","30,545.30","30,134.60",34.48K,0.04%
04/15/2023,"30,299.60","30,472.60","30,586.50","30,208.80",31.71K,-0.57%
04/14/2023,"30,472.50","30,387.40","30,964.90","30,026.00",98.38K,0.28%
04/13/2023,"30,387.40","29,892.40","30,524.10","29,864.50",65.87K,1.68%
4/12/2023,"29,886.40","30,209.80","30,473.00","29,679.50",78.69K,-1.07%
4/11/2023,"30,209.60","29,641.00","30,484.60","29,597.80",89.38K,1.92%
4/10/2023,"29,641.00","28,326.50","29,755.40","28,182.90",85.73K,4.64%
4/9/2023,"28,326.60","27,941.20","28,522.70","27,809.20",39.35K,1.38%
4/8/2023,"27,941.20","27,910.40","28,153.10","27,863.80",23.73K,0.11%
4/7/2023,"27,910.40","28,037.60","28,102.50","27,779.40",30.94K,-0.45%
4/6/2023,"28,036.70","28,173.50","28,173.50","27,734.50",51.29K,-0.49%
4/5/2023,"28,173.50","28,164.40","28,744.40","27,823.50",77.32K,0.03%
4/4/2023,"28,164.40","27,802.20","28,429.10","27,668.90",64.06K,1.30%
4/3/2023,"27,802.10","28,194.70","28,458.40","27,256.90",98.00K,-1.41%
4/2/2023,"28,198.30","28,456.10","28,522.80","27,871.70",45.04K,-0.91%
4/1/2023,"28,456.10","28,473.70","28,795.10","28,285.60",38.09K,-0.06%
03/31/2023,"28,473.70","28,029.30","28,646.30","27,587.50",98.44K,1.58%
03/30/2023,"28,029.50","28,350.30","29,160.40","27,716.70",122.51K,-1.13%
03/29/2023,"28,350.40","27,262.90","28,627.40","27,249.80",109.32K,3.99%
03/28/2023,"27,262.20","27,127.80","27,465.00","26,665.60",94.16K,0.49%
03/27/2023,"27,129.80","27,974.80","28,023.30","26,611.50",107.24K,-3.02%
03/26/2023,"27,973.50","27,474.90","28,153.70","27,429.10",60.64K,1.81%
03/25/2023,"27,475.60","27,462.20","27,761.90","27,176.70",61.36K,0.05%
03/24/2023,"27,462.20","28,306.90","28,374.50","27,026.50",110.36K,-3.00%
03/23/2023,"28,310.70","27,262.80","28,734.10","27,144.60",158.46K,3.85%
03/22/2023,"27,261.70","28,114.20","28,760.30","26,668.70",262.03K,-3.03%
03/21/2023,"28,114.00","27,719.80","28,437.80","27,350.60",438.78K,1.42%
03/20/2023,"27,720.50","27,958.90","28,457.80","27,157.00",503.90K,-0.85%
03/19/2023,"27,958.70","26,914.50","28,347.30","26,844.60",393.27K,3.88%
03/18/2023,"26,914.50","27,391.90","27,659.10","26,688.70",392.47K,-1.74%
03/17/2023,"27,391.80","25,004.40","27,742.20","24,900.10",674.96K,9.55%
03/16/2023,"25,004.10","24,283.20","25,139.00","24,147.90",462.58K,2.97%
03/15/2023,"24,282.70","24,699.60","25,108.90","23,932.40",614.31K,-1.69%
03/14/2023,"24,699.70","24,121.50","26,365.90","23,994.60",753.06K,2.43%
03/13/2023,"24,114.40","21,994.80","24,406.20","21,859.60",733.63K,9.64%
3/12/2023,"21,994.80","20,465.00","22,028.60","20,294.20",455.69K,7.46%
3/11/2023,"20,467.50","20,156.50","20,669.50","19,796.70",453.46K,1.54%
3/10/2023,"20,156.70","20,362.00","20,362.60","19,591.80",655.27K,-1.01%
3/9/2023,"20,361.80","21,710.80","21,826.50","20,079.60",468.76K,-6.21%
3/8/2023,"21,710.80","22,197.80","22,274.30","21,661.30",316.51K,-2.19%
3/7/2023,"22,197.80","22,410.10","22,535.10","21,968.60",304.75K,-0.95%
3/6/2023,"22,410.00","22,428.20","22,595.40","22,320.10",215.31K,-0.08%
3/5/2023,"22,428.30","22,347.10","22,636.70","22,213.50",160.57K,0.36%
3/4/2023,"22,347.10","22,354.70","22,403.70","22,167.40",123.93K,-0.03%
3/3/2023,"22,354.40","23,465.60","23,473.40","22,051.90",344.63K,-4.73%
3/2/2023,"23,465.40","23,642.20","23,780.50","23,208.70",249.26K,-0.75%
3/1/2023,"23,642.20","23,130.60","23,914.10","23,025.30",328.77K,2.21%
02/28/2023,"23,130.50","23,494.00","23,595.00","23,033.80",275.10K,-1.55%
02/27/2023,"23,494.10","23,558.70","23,876.20","23,166.80",297.65K,-0.27%
02/26/2023,"23,558.70","23,166.10","23,671.80","23,066.00",209.12K,1.69%
02/25/2023,"23,166.10","23,191.30","23,215.30","22,777.40",198.35K,-0.11%
02/24/2023,"23,191.50","23,936.40","24,123.40","22,970.30",367.99K,-3.11%
02/23/2023,"23,936.30","24,186.60","24,590.40","23,637.90",417.46K,-1.03%
02/22/2023,"24,186.60","24,450.70","24,474.30","23,593.40",400.24K,-1.08%
02/21/2023,"24,450.70","24,839.50","25,236.80","24,160.80",395.97K,-1.57%
02/20/2023,"24,839.50","24,302.80","25,085.40","23,868.60",363.02K,2.21%
02/19/2023,"24,302.90","24,631.30","25,175.20","24,273.70",312.64K,-1.33%
02/18/2023,"24,631.40","24,573.50","24,838.90","24,457.00",223.77K,0.24%
02/17/2023,"24,573.50","23,538.20","24,984.70","23,373.00",523.85K,4.39%
02/16/2023,"23,539.60","24,328.10","25,233.80","23,525.90",484.50K,-3.24%
02/15/2023,"24,327.90","22,198.50","24,330.90","22,050.80",401.53K,9.59%
02/14/2023,"22,198.50","21,776.90","22,308.60","21,556.20",378.39K,1.96%
02/13/2023,"21,772.60","21,782.70","21,887.50","21,418.70",312.04K,-0.07%
2/12/2023,"21,786.80","21,859.90","22,080.70","21,653.10",211.65K,-0.33%
2/11/2023,"21,859.80","21,627.40","21,902.90","21,605.30",182.07K,1.04%
2/10/2023,"21,635.00","21,792.50","21,933.60","21,491.70",352.79K,-0.72%
2/9/2023,"21,792.50","22,964.60","23,003.60","21,744.60",425.44K,-5.10%
2/8/2023,"22,964.60","23,251.70","23,425.10","22,691.70",289.12K,-1.23%
2/7/2023,"23,251.70","22,761.80","23,338.80","22,748.20",318.98K,2.15%
2/6/2023,"22,761.80","22,936.00","23,130.60","22,633.70",278.58K,-0.76%
2/5/2023,"22,936.00","23,326.90","23,423.40","22,766.50",217.26K,-1.66%
2/4/2023,"23,323.80","23,431.20","23,571.80","23,269.80",170.27K,-0.46%
2/3/2023,"23,431.20","23,429.10","23,694.10","23,233.80",349.36K,0.02%
2/2/2023,"23,427.60","23,726.20","24,207.20","23,398.10",382.86K,-1.26%
2/1/2023,"23,725.60","23,124.70","23,784.50","22,809.60",333.18K,2.60%
01/31/2023,"23,125.10","22,832.20","23,262.90","22,724.90",289.38K,1.28%
01/30/2023,"22,832.20","23,746.00","23,794.00","22,560.00",339.62K,-3.88%
01/29/2023,"23,753.10","23,023.50","23,952.90","22,973.30",320.86K,3.15%
01/28/2023,"23,027.90","23,074.60","23,182.30","22,889.80",156.96K,-0.20%
01/27/2023,"23,074.60","23,016.00","23,480.30","22,602.90",310.36K,0.25%
01/26/2023,"23,016.00","23,055.20","23,259.50","22,869.00",320.97K,-0.17%
01/25/2023,"23,055.10","22,632.50","23,779.00","22,366.30",388.18K,1.87%
01/24/2023,"22,632.50","22,916.30","23,156.10","22,517.10",334.17K,-1.23%
01/23/2023,"22,915.50","22,709.00","23,161.80","22,527.90",327.85K,0.91%
01/22/2023,"22,707.80","22,775.70","23,068.70","22,323.00",280.64K,-0.30%
01/21/2023,"22,775.70","22,677.50","23,304.50","22,461.10",382.69K,0.43%
01/20/2023,"22,677.20","21,074.90","22,718.50","20,879.30",373.74K,7.57%
01/19/2023,"21,081.20","20,670.60","21,169.40","20,669.70",275.76K,1.99%
01/18/2023,"20,670.60","21,137.10","21,584.10","20,448.30",388.67K,-2.21%
01/17/2023,"21,137.10","21,184.40","21,506.40","20,926.20",310.04K,-0.22%
01/16/2023,"21,184.20","20,880.10","21,416.80","20,698.90",337.46K,1.46%
01/15/2023,"20,879.80","20,956.00","21,032.20","20,585.70",205.80K,-0.37%
01/14/2023,"20,958.20","19,926.90","21,185.60","19,898.60",458.21K,5.17%
01/13/2023,"19,927.00","18,850.80","19,981.60","18,723.80",426.67K,5.71%
1/12/2023,"18,851.30","17,941.00","19,055.30","17,915.50",522.01K,5.07%
1/11/2023,"17,942.30","17,440.50","17,989.80","17,323.90",291.53K,2.89%
1/10/2023,"17,439.10","17,180.10","17,491.00","17,151.70",247.14K,1.51%
1/9/2023,"17,180.10","17,119.00","17,390.80","17,107.10",301.24K,0.36%
1/8/2023,"17,119.00","16,943.60","17,119.00","16,913.80",144.84K,1.04%
1/7/2023,"16,943.60","16,950.90","16,979.60","16,909.70",110.48K,-0.04%
1/6/2023,"16,950.90","16,829.80","17,012.30","16,707.60",233.47K,0.72%
1/5/2023,"16,829.80","16,852.20","16,877.90","16,772.30",178.96K,-0.13%
1/4/2023,"16,852.10","16,674.20","16,976.50","16,656.50",247.39K,1.07%
1/3/2023,"16,674.20","16,673.10","16,773.20","16,607.20",178.73K,0.00%
1/2/2023,"16,674.30","16,618.40","16,766.90","16,551.00",136.03K,0.34%
